,Movie,Year,Actor,Director
0,Dr. No,1962,Sean Connery,Terence Young
1,From Russia with Love,1963,Sean Connery,Terence Young
2,Goldfinger,1964,Sean Connery,Guy Hamilton
3,Thunderball,1965,Sean Connery,Terence Young
4,You Only Live Twice,1967,Sean Connery,Lewis Gilbert
5,On Her Majesty's Secret Service,1969,George Lazenby,Peter R. Hunt
6,Diamonds Are Forever,1971,Sean Connery,Guy Hamilton
7,Live and Let Die,1973,Roger Moore,Guy Hamilton
8,The Man with the Golden Gun,1974,Roger Moore,Guy Hamilton
9,The Spy Who Loved Me,1977,Roger Moore,Lewis Gilbert
10,Moonraker,1979,Roger Moore,Lewis Gilbert
11,For Your Eyes Only,1981,Roger Moore,John Glen
12,Octopussy,1983,Roger Moore,John Glen
13,A View to a Kill,1985,Roger Moore,John Glen
14,The Living Daylights,1987,Timothy Dalton,John Glen
15,Licence to Kill,1989,Timothy Dalton,John Glen
16,GoldenEye,1995,Pierce Brosnan,Martin Campbell
17,Tomorrow Never Dies,1997,Pierce Brosnan,Roger Spottiswoode
18,The World Is Not Enough,1999,Pierce Brosnan,Michael Apted
19,Die Another Day,2002,Pierce Brosnan,Lee Tamahori
20,Casino Royale,2006,Daniel Craig,Martin Campbell
21,Quantum of Solace,2008,Daniel Craig,Marc Forster
22,Skyfall,2012,Daniel Craig,Sam Mendes
23,Spectre,2015,Daniel Craig,Sam Mendes
24,No Time to Die,2021,Daniel Craig,Cary Joji Fukunaga
